id,created_at,first_name,last_name,email,website,instagram_id,facebook_id,x_id,bio
1,2023-01-15T08:30:25Z,Emma,Johnson,emma.johnson@email.com,https://emmajohnson.dev,@emmaj_designs,emma.johnson.1985,@emmajdev,"Web developer passionate about creating accessible digital experiences. Coffee enthusiast and weekend hiker."
2,2023-01-18T14:22:10Z,Michael,Chen,mchen@techcorp.com,https://michaelchen.tech,@mike_codes,michael.chen.tech,@mikechentech,"Full-stack engineer building the future one line of code at a time. Always learning something new."
3,2023-01-20T09:45:33Z,Sarah,Williams,sarah.w.designer@gmail.com,https://sarahwilliams.portfolio,@sarah_creates,sarah.williams.creative,@sarahwcreates,"UI/UX Designer crafting beautiful user experiences. Dog mom and plant collector living in Portland."
4,2023-01-22T16:18:47Z,David,Rodriguez,d.rodriguez@marketing.co,https://davidrodriguez.blog,@davidr_marketing,david.rodriguez.writer,@davidrwrites,"Content strategist helping brands tell their stories. Marathon runner and travel photography enthusiast."
5,2023-01-25T11:33:22Z,Jessica,Thompson,jess.thompson@freelance.net,https://jessthompson.photo,@jessthompson_photo,jessica.thompson.photographer,@jessthompsonphoto,"Portrait and wedding photographer capturing life's precious moments. Based in Austin, TX."
6,2023-01-28T13:07:55Z,Ryan,Lee,ryanlee.dev@outlook.com,https://ryanlee.codes,@ryan_codes_daily,ryan.lee.developer,@ryancodesall,"Mobile app developer specializing in React Native. Blockchain enthusiast and tech meetup organizer."
7,2023-02-01T07:41:18Z,Amanda,Garcia,amanda@creativestudio.com,https://amandagarcia.art,@amanda_art_studio,amanda.garcia.artist,@amandaartworks,"Digital artist and illustrator bringing imagination to life. Tea lover and indie music discoverer."
8,2023-02-03T10:15:29Z,Brandon,Martinez,brandon.martinez@consulting.biz,https://brandonmartinez.consulting,@brandon_consults,brandon.martinez.consultant,@brandonmconsult,"Business consultant helping startups scale effectively. CrossFit athlete and productivity optimization nerd."
9,2023-02-05T15:52:41Z,Rachel,Davis,rachel.davis.writer@protonmail.com,https://racheldavis.blog,@rachel_writes_daily,rachel.davis.author,@rachelwritesnow,"Technical writer and blogger sharing insights on remote work culture. Yoga instructor and sustainability advocate."
10,2023-02-08T12:29:16Z,Kevin,Anderson,kevin.anderson@techstartup.io,https://kevinanderson.ai,@kevin_ai_researcher,kevin.anderson.ai,@kevinaitech,"AI researcher exploring the intersection of machine learning and human creativity. Chess player and philosophy reader."
11,2023-02-10T09:18:33Z,Lisa,Wilson,lisa.wilson@designagency.com,https://lisawilson.design,@lisa_design_daily,lisa.wilson.designer,@lisadesigns,"Brand designer helping businesses create memorable visual identities. Vintage vinyl collector and concert goer."
12,2023-02-12T14:46:22Z,Christopher,Moore,chris.moore@email.com,https://chrismoore.fitness,@chris_fitness_coach,christopher.moore.fitness,@chrisfitcoach,"Personal trainer and nutrition coach transforming lives through fitness. Mountain biker and meal prep enthusiast."
13,2023-02-15T08:33:47Z,Ashley,Taylor,ashley.taylor.marketing@yahoo.com,https://ashleytaylor.social,@ashley_social_guru,ashley.taylor.marketing,@ashleysocialguru,"Social media strategist helping brands build authentic communities. Book club leader and weekend baker."
14,2023-02-17T16:21:09Z,Daniel,Brown,daniel.brown@startuptech.co,https://danielbrown.product,@dan_product_guy,daniel.brown.pm,@danproductguy,"Product manager passionate about user-centered design and data-driven decisions. Rock climbing enthusiast."
15,2023-02-20T11:54:36Z,Michelle,Jones,m.jones@freelancer.com,https://michellejones.copy,@michelle_copywriter,michelle.jones.copy,@michellecopywriter,"Copywriter crafting compelling content that converts. Wine tasting aficionado and travel journal keeper."
16,2023-02-22T13:12:28Z,Jason,Miller,jason.miller.dev@protonmail.com,https://jasonmiller.cloud,@jason_cloud_architect,jason.miller.cloud,@jasoncloudtech,"Cloud architect designing scalable infrastructure solutions. Drone photography hobbyist and craft beer brewer."
17,2023-02-25T07:39:14Z,Stephanie,White,stephanie@creativeconsulting.net,https://stephaniewhite.strategy,@steph_strategy_expert,stephanie.white.consultant,@stephstrategy,"Strategic consultant helping companies navigate digital transformation. Salsa dancing instructor and language learner."
18,2023-02-27T14:26:53Z,Matthew,Johnson,matt.johnson@techsolutions.com,https://mattjohnson.security,@matt_cybersecurity,matthew.johnson.security,@mattcybersec,"Cybersecurity specialist protecting digital assets from emerging threats. Podcast host and amateur astronomer."
19,2023-03-01T10:08:17Z,Lauren,Martin,lauren.martin.ux@gmail.com,https://laurenmartin.research,@lauren_ux_researcher,lauren.martin.ux,@laurenuxresearch,"UX researcher uncovering insights that drive meaningful product improvements. Pottery maker and meditation practitioner."
20,2023-03-03T15:44:25Z,Anthony,Thompson,anthony.thompson@marketing.agency,https://anthonythompson.growth,@anthony_growth_hacker,anthony.thompson.growth,@anthonygrowth,"Growth marketer optimizing funnels and driving user acquisition. Marathon runner and data visualization enthusiast."
21,2023-03-05T09:22:41Z,Nicole,Garcia,nicole.garcia@design.studio,https://nicolegarcia.brand,@nicole_brand_designer,nicole.garcia.branding,@nicolebrands,"Brand strategist creating cohesive visual narratives for emerging companies. Yoga teacher and sustainable living advocate."
22,2023-03-08T12:17:36Z,Andrew,Rodriguez,andrew.rodriguez@software.dev,https://andrewrodriguez.fullstack,@andrew_full_stack,andrew.rodriguez.dev,@andrewfullstack,"Full-stack developer building robust web applications with modern technologies. Gaming enthusiast and tech blogger."
23,2023-03-10T14:55:19Z,Samantha,Lee,sam.lee@contentcreator.com,https://samanthalee.content,@sam_content_creator,samantha.lee.content,@samcontentpro,"Content creator and video editor helping brands tell their stories through engaging multimedia. Film photography lover."
24,2023-03-12T08:31:42Z,Joseph,Wilson,joe.wilson@datascience.ai,https://josephwilson.data,@joe_data_scientist,joseph.wilson.data,@joedatascience,"Data scientist extracting actionable insights from complex datasets. Jazz music collector and weekend chef."
25,2023-03-15T16:48:27Z,Kimberly,Anderson,kim.anderson@projectmanager.org,https://kimberlyanderson.pm,@kim_project_manager,kimberly.anderson.pm,@kimprojectpro,"Project manager orchestrating successful product launches and team collaborations. Triathlon competitor and motivational speaker."
26,2023-03-17T11:23:58Z,Robert,Taylor,robert.taylor@enterprise.tech,https://roberttaylor.architecture,@rob_solution_architect,robert.taylor.architect,@robsolutionarch,"Solution architect designing enterprise-level software systems. Woodworking hobbyist and classical music enthusiast."
27,2023-03-19T13:41:15Z,Jennifer,Brown,jennifer.brown@uxdesign.co,https://jenniferbrown.interaction,@jen_interaction_designer,jennifer.brown.ixd,@jeninteractionux,"Interaction designer creating intuitive digital experiences through user-centered design principles. Rock climbing instructor."
28,2023-03-22T07:16:29Z,William,Davis,will.davis@mobileDev.com,https://williamdavis.mobile,@will_mobile_dev,william.davis.mobile,@willmobiledev,"Mobile application developer specializing in iOS and Android platforms. Surfing enthusiast and travel blogger."
29,2023-03-24T14:37:53Z,Elizabeth,Miller,liz.miller@content.strategy,https://elizabethmiller.editorial,@liz_editorial_strategy,elizabeth.miller.editorial,@lizeditorialstrat,"Editorial strategist developing content frameworks that drive engagement. Book reviewer and literary event organizer."
30,2023-03-26T10:59:46Z,Charles,Wilson,charles.wilson@devops.cloud,https://charleswilson.devops,@charles_devops_engineer,charles.wilson.devops,@charlesdevops,"DevOps engineer streamlining development workflows and infrastructure automation. Craft beer judge and home brewer."
31,2023-03-29T15:27:12Z,Barbara,Moore,barbara.moore@hr.consulting,https://barbaramoore.talent,@barb_talent_acquisition,barbara.moore.hr,@barbtalentpro,"Talent acquisition specialist connecting exceptional professionals with innovative companies. Ballroom dancing instructor."
32,2023-03-31T09:44:38Z,Thomas,Johnson,thomas.johnson@frontend.dev,https://thomasjohnson.ui,@tom_frontend_developer,thomas.johnson.frontend,@tomfrontenddev,"Frontend developer crafting responsive and accessible web interfaces. Vintage guitar collector and weekend musician."
33,2023-04-02T12:18:24Z,Susan,Martinez,susan.martinez@socialimpact.org,https://susanmartinez.nonprofit,@susan_social_impact,susan.martinez.nonprofit,@susansocialimpact,"Nonprofit program manager driving positive social change through community initiatives. Marathon runner and environmental activist."
34,2023-04-05T08:52:17Z,Richard,Anderson,richard.anderson@blockchain.tech,https://richardanderson.crypto,@rich_blockchain_dev,richard.anderson.blockchain,@richblockchaindev,"Blockchain developer building decentralized applications and smart contracts. Cryptocurrency researcher and tech conference speaker."
35,2023-04-07T16:33:41Z,Linda,Garcia,linda.garcia@operations.biz,https://lindagarcia.operations,@linda_ops_manager,linda.garcia.operations,@lindaopsmanager,"Operations manager optimizing business processes and driving organizational efficiency. Pilates instructor and wellness coach."
36,2023-04-09T11:07:55Z,Mark,Rodriguez,mark.rodriguez@creative.agency,https://markrodriguez.creative,@mark_creative_director,mark.rodriguez.creative,@markcreativedir,"Creative director leading innovative campaigns and brand experiences. Street photography enthusiast and art gallery visitor."
37,2023-04-12T13:41:29Z,Patricia,Lee,patricia.lee@product.design,https://patricialee.productdesign,@pat_product_designer,patricia.lee.product,@patproductdesign,"Product designer creating user-centric solutions that solve real-world problems. Ceramic artist and mindfulness practitioner."
38,2023-04-14T07:29:18Z,Steven,Thompson,steven.thompson@sales.pro,https://steventhompson.sales,@steve_sales_strategist,steven.thompson.sales,@stevesalesstrat,"Sales strategist developing winning go-to-market approaches for B2B companies. Golf enthusiast and leadership mentor."
39,2023-04-16T14:56:32Z,Karen,White,karen.white@research.institute,https://karenwhite.research,@karen_user_researcher,karen.white.research,@karenuxresearch,"User researcher conducting studies that inform product strategy and design decisions. Hiking guide and nature photographer."
40,2023-04-19T10:21:47Z,Paul,Martin,paul.martin@backend.dev,https://paulmartin.api,@paul_backend_engineer,paul.martin.backend,@paulbackendeng,"Backend engineer developing scalable APIs and distributed systems. Board game designer and strategy game enthusiast."
41,2023-04-21T15:48:13Z,Nancy,Davis,nancy.davis@growth.marketing,https://nancydavis.growth,@nancy_growth_marketer,nancy.davis.growth,@nancygrowthmark,"Growth marketer optimizing acquisition funnels and retention strategies. Wine sommelier and culinary arts student."
42,2023-04-23T09:15:26Z,Gary,Wilson,gary.wilson@security.consultant,https://garywilson.infosec,@gary_infosec_expert,gary.wilson.security,@garyinfosec,"Information security consultant protecting organizations from cyber threats. Martial arts instructor and philosophy reader."
43,2023-04-26T12:39:54Z,Helen,Anderson,helen.anderson@brand.strategy,https://helenaderson.brand,@helen_brand_strategist,helen.anderson.brand,@helenbrandstrat,"Brand strategist developing authentic brand positioning and messaging frameworks. Yoga teacher and sustainable fashion advocate."
44,2023-04-28T08:22:08Z,Kenneth,Taylor,ken.taylor@product.manager,https://kennethtaylor.product,@ken_product_manager,kenneth.taylor.product,@kenproductmgr,"Product manager driving feature development through data-driven decision making. Rock climbing instructor and gear reviewer."
45,2023-04-30T16:47:31Z,Donna,Brown,donna.brown@content.marketing,https://donnabrown.content,@donna_content_strategist,donna.brown.content,@donnacontentstrat,"Content marketing strategist creating compelling narratives that drive brand engagement. Food blogger and cooking class instructor."
46,2023-05-02T11:33:45Z,Larry,Jones,larry.jones@systems.admin,https://larryjones.sysadmin,@larry_systems_admin,larry.jones.sysadmin,@larrysysadmin,"Systems administrator maintaining robust IT infrastructure and ensuring optimal performance. Amateur radio operator and electronics hobbyist."
47,2023-05-05T14:18:22Z,Carol,Miller,carol.miller@ux.writing,https://carolmiller.uxwriting,@carol_ux_writer,carol.miller.uxwriting,@caroluxwriter,"UX writer crafting clear and intuitive interface copy that guides user experiences. Poetry workshop facilitator and literary magazine contributor."
48,2023-05-07T07:56:17Z,Frank,Garcia,frank.garcia@automation.engineer,https://frankgarcia.automation,@frank_automation_eng,frank.garcia.automation,@frankautomation,"Automation engineer developing systems that streamline manufacturing and business processes. Model train enthusiast and precision engineering hobbyist."
49,2023-05-09T13:24:39Z,Ruth,Rodriguez,ruth.rodriguez@digital.marketing,https://ruthrodriguez.digital,@ruth_digital_marketer,ruth.rodriguez.digital,@ruthdigitalmark,"Digital marketing specialist optimizing campaigns across multiple channels and platforms. Salsa dance instructor and travel blogger."
50,2023-05-12T09:41:53Z,Raymond,Lee,ray.lee@cloud.architect,https://raymondlee.cloud,@ray_cloud_solutions,raymond.lee.cloud,@raycloudsol,"Cloud solutions architect designing scalable infrastructure for enterprise applications. Drone racing pilot and technology podcast host."
51,2023-05-14T15:17:28Z,Maria,Thompson,maria.thompson@social.media,https://mariathompson.social,@maria_social_strategist,maria.thompson.social,@mariasocialstrat,"Social media strategist building authentic brand communities and driving engagement. Flamenco dancer and cultural event organizer."
52,2023-05-16T11:52:14Z,Jack,White,jack.white@game.developer,https://jackwhite.gamedev,@jack_game_developer,jack.white.gamedev,@jackgamedev,"Game developer creating immersive interactive experiences and innovative gameplay mechanics. Tabletop game designer and esports commentator."
53,2023-05-19T08:29:36Z,Dorothy,Martin,dorothy.martin@data.analyst,https://dorothymartin.analytics,@dorothy_data_analyst,dorothy.martin.data,@dorothydataanalyst,"Data analyst transforming complex datasets into actionable business insights and strategic recommendations. Astronomy enthusiast and science communicator."
54,2023-05-21T14:46:22Z,Carl,Davis,carl.davis@mobile.designer,https://carldavis.mobileui,@carl_mobile_designer,carl.davis.mobile,@carlmobileui,"Mobile UI designer creating intuitive and beautiful interfaces for iOS and Android applications. Street art photographer and urban explorer."
55,2023-05-23T10:13:47Z,Lisa,Wilson,lisa.wilson.pm@outlook.com,https://lisawilson.projectmanagement,@lisa_agile_coach,lisa.wilson.agile,@lisaagilecoach,"Agile project manager and certified scrum master facilitating high-performing development teams. Marathon runner and mindfulness meditation instructor."
56,2023-05-26T16:38:19Z,Peter,Anderson,peter.anderson@frontend.specialist,https://peteranderson.frontend,@peter_react_dev,peter.anderson.react,@peterreactdev,"Frontend specialist focusing on React ecosystem and modern JavaScript development practices. Coffee roasting hobbyist and local café reviewer."
57,2023-05-28T12:04:33Z,Betty,Taylor,betty.taylor@email.marketing,https://bettytaylor.email,@betty_email_strategist,betty.taylor.email,@bettyemailstrat,"Email marketing strategist designing campaigns that nurture leads and drive customer retention. Quilting artist and community craft workshop organizer."
58,2023-05-30T09:27:48Z,Harold,Brown,harold.brown@network.engineer,https://haroldbrown.networking,@harold_network_pro,harold.brown.networking,@haroldnetworkpro,"Network engineer designing and maintaining enterprise-level networking infrastructure and security protocols. Ham radio operator and electronics repair specialist."
59,2023-06-02T15:51:25Z,Shirley,Jones,shirley.jones@content.editor,https://shirleyjones.editorial,@shirley_content_editor,shirley.jones.content,@shirleycontenteditor,"Content editor and proofreader ensuring clarity and consistency in digital and print publications. Book club moderator and creative writing workshop instructor."
60,2023-06-04T11:16:42Z,Wayne,Miller,wayne.miller@devops.specialist,https://waynemiller.devops,@wayne_devops_pro,wayne.miller.devops,@waynedevopspro,"DevOps specialist implementing CI/CD pipelines and infrastructure as code solutions. Craft beer brewing enthusiast and homebrew competition judge."
61,2023-06-06T08:43:17Z,Sandra,Garcia,sandra.garcia@ux.consultant,https://sandragarcia.ux,@sandra_ux_consultant,sandra.garcia.ux,@sandrauxconsultant,"UX consultant helping organizations improve their digital products through user-centered design methodologies. Pottery instructor and ceramic artist."
62,2023-06-09T14:29:54Z,Ralph,Rodriguez,ralph.rodriguez@solution.architect,https://ralphrodriguez.solutions,@ralph_tech_architect,ralph.rodriguez.tech,@ralphtecharch,"Technical architect designing enterprise software solutions and system integration strategies. Model airplane builder and aviation history enthusiast."
63,2023-06-11T10:55:31Z,Janet,Lee,janet.lee@brand.designer,https://janetlee.branding,@janet_brand_designer,janet.lee.brand,@janetbranddesign,"Brand designer creating visual identities that communicate company values and connect with target audiences. Botanical illustration artist and gardening expert."
64,2023-06-13T16:22:18Z,Arthur,Thompson,arthur.thompson@product.owner,https://arthurthompson.product,@arthur_product_owner,arthur.thompson.po,@arthurproductowner,"Product owner defining feature requirements and managing product roadmaps for agile development teams. Chess tournament organizer and strategy game enthusiast."
65,2023-06-16T12:48:05Z,Frances,White,frances.white@digital.strategist,https://franceswhite.strategy,@frances_digital_strat,frances.white.digital,@francesdigitalstrat,"Digital strategist developing comprehensive online presence and customer acquisition strategies. Wine tasting course instructor and sommelier."
66,2023-06-18T09:14:29Z,Albert,Martin,albert.martin@backend.specialist,https://albertmartin.backend,@albert_api_developer,albert.martin.api,@albertapidev,"Backend specialist building robust APIs and microservices architectures for scalable applications. Jazz music collector and vinyl record restoration hobbyist."
67,2023-06-20T15:37:52Z,Gloria,Davis,gloria.davis@hr.director,https://gloriadavis.hr,@gloria_hr_director,gloria.davis.hr,@gloriahrdirector,"HR director developing talent strategies and fostering positive workplace cultures. Ballroom dance instructor and corporate wellness program advocate."
68,2023-06-23T11:02:16Z,Willie,Wilson,willie.wilson@mobile.engineer,https://williewilson.mobile,@willie_ios_developer,willie.wilson.ios,@willieiosdev,"iOS engineer developing native applications with focus on performance optimization and user experience. Mountain biking enthusiast and trail maintenance volunteer."
69,2023-06-25T08:28:43Z,Evelyn,Anderson,evelyn.anderson@content.strategist,https://evelynanderson.content,@evelyn_content_pro,evelyn.anderson.content,@evelyncontentpro,"Content strategist developing editorial calendars and content frameworks that drive brand awareness. Literary fiction book reviewer and writing retreat organizer."
70,2023-06-27T14:54:27Z,Eugene,Taylor,eugene.taylor@security.engineer,https://eugenetaylor.security,@eugene_security_eng,eugene.taylor.security,@eugeneseceng,"Security engineer implementing robust cybersecurity measures and conducting vulnerability assessments. Martial arts instructor and self-defense workshop facilitator."
71,2023-06-30T10:19:38Z,Marie,Brown,marie.brown@growth.analyst,https://mariebrown.growth,@marie_growth_analyst,marie.brown.growth,@mariegrowthanalyst,"Growth analyst identifying optimization opportunities and measuring campaign performance across channels. Sustainable living blogger and zero-waste lifestyle advocate."
72,2023-07-02T16:45:21Z,Roy,Jones,roy.jones@cloud.engineer,https://royjones.cloud,@roy_cloud_engineer,roy.jones.cloud,@roycloudeng,"Cloud engineer managing AWS infrastructure and implementing serverless architecture solutions. Astronomy photographer and telescope equipment reviewer."
73,2023-07-04T12:11:55Z,Annie,Miller,annie.miller@ux.designer,https://anniemiller.ux,@annie_ux_designer,annie.miller.ux,@annieuxdesigner,"UX designer conducting user research and creating wireframes that inform intuitive product experiences. Ceramic pottery instructor and local art fair organizer."
74,2023-07-07T09:36:14Z,Louis,Garcia,louis.garcia@full.stack,https://louisgarcia.fullstack,@louis_fullstack_dev,louis.garcia.dev,@louisfullstackdev,"Full-stack developer building end-to-end web applications using modern JavaScript frameworks and cloud technologies. Coffee shop owner and barista training instructor."
75,2023-07-09T15:58:42Z,Lois,Rodriguez,lois.rodriguez@marketing.director,https://loisrodriguez.marketing,@lois_marketing_dir,lois.rodriguez.marketing,@loismarketingdir,"Marketing director orchestrating integrated campaigns and brand strategy initiatives. Wine country tour guide and culinary arts enthusiast."
76,2023-07-11T11:23:29Z,Philip,Lee,philip.lee@data.engineer,https://philiplee.data,@philip_data_engineer,philip.lee.data,@philipdataeng,"Data engineer building ETL pipelines and data warehouse solutions for business intelligence. Model train collector and railway history researcher."
77,2023-07-14T08:47:16Z,Phyllis,Thompson,phyllis.thompson@project.coordinator,https://phyllisthompson.pm,@phyllis_project_coord,phyllis.thompson.pm,@phyllisprojectcoord,"Project coordinator facilitating cross-functional team collaboration and ensuring project milestone delivery. Community garden organizer and sustainable agriculture advocate."
78,2023-07-16T14:12:33Z,Sean,White,sean.white@mobile.architect,https://seanwhite.mobile,@sean_mobile_architect,sean.white.mobile,@seanmobilearch,"Mobile architect designing scalable app architectures and leading iOS development teams. Rock climbing guide and outdoor adventure photography enthusiast."
79,2023-07-18T10:38:57Z,Joyce,Martin,joyce.martin@social.coordinator,https://joycemartin.social,@joyce_social_coord,joyce.martin.social,@joycesocialcoord,"Social media coordinator managing brand presence and community engagement across digital platforms. Dance fitness instructor and wellness retreat facilitator."
80,2023-07-21T16:25:48Z,Gerald,Davis,gerald.davis@systems.engineer,https://geralddavis.systems,@gerald_systems_eng,gerald.davis.systems,@geraldsyseng,"Systems engineer maintaining enterprise infrastructure and optimizing server performance and reliability. Amateur radio enthusiast and emergency communications volunteer."
81,2023-07-23T12:51:15Z,Virginia,Wilson,virginia.wilson@brand.manager,https://virginiawilson.brand,@virginia_brand_mgr,virginia.wilson.brand,@virginiabrandmgr,"Brand manager developing positioning strategies and managing product launch campaigns. Vintage fashion collector and historical costume design hobbyist."
82,2023-07-25T09:17:39Z,Jeremy,Anderson,jeremy.anderson@frontend.lead,https://jeremyanderson.frontend,@jeremy_frontend_lead,jeremy.anderson.frontend,@jeremyfrontendlead,"Frontend team lead mentoring developers and architecting component libraries for scalable web applications. Craft beer brewing competition judge and homebrew recipe developer."
83,2023-07-28T15:44:22Z,Diane,Taylor,diane.taylor@content.manager,https://dianetaylor.content,@diane_content_mgr,diane.taylor.content,@dianecontentmgr,"Content manager overseeing editorial workflows and maintaining brand voice consistency across channels. Creative writing workshop instructor and poetry slam organizer."
84,2023-07-30T11:09:46Z,Terry,Brown,terry.brown@product.analyst,https://terrybrown.product,@terry_product_analyst,terry.brown.product,@terryproductanalyst,"Product analyst researching market trends and user behavior to inform product development decisions. Board game designer and strategy gaming tournament organizer."
85,2023-08-01T08:35:13Z,Jacqueline,Jones,jackie.jones@ux.researcher,https://jacquelinejones.research,@jackie_ux_research,jacqueline.jones.ux,@jackieuxresearch,"UX researcher conducting usability studies and user interviews to guide product design decisions. Environmental science educator and nature photography workshop leader."
86,2023-08-04T14:58:27Z,Harold,Miller,harold.miller@devops.lead,https://haroldmiller.devops,@harold_devops_lead,harold.miller.devops,@harolddevopslead,"DevOps team lead implementing automation strategies and managing containerized application deployments. Classic car restoration enthusiast and automotive history researcher."
87,2023-08-06T10:24:51Z,Kathryn,Garcia,kathryn.garcia@digital.producer,https://kathryngarcia.digital,@kathryn_digital_prod,kathryn.garcia.digital,@kathrynd digitalproducer,"Digital producer coordinating multimedia content creation and managing creative project timelines. Film photography enthusiast and dark room printing workshop instructor."
88,2023-08-08T16:49:18Z,Adam,Rodriguez,adam.rodriguez@growth.engineer,https://adamrodriguez.growth,@adam_growth_engineer,adam.rodriguez.growth,@adamgrowtheng,"Growth engineer building A/B testing frameworks and optimizing conversion funnel performance. Craft cocktail mixologist and spirits education instructor."
89,2023-08-11T12:16:42Z,Janice,Lee,janice.lee@operations.manager,https://janicelee.operations,@janice_ops_manager,janice.lee.ops,@janiceo psmanager,"Operations manager streamlining business processes and implementing efficiency improvements across departments. Pilates instructor and workplace wellness program developer."
90,2023-08-13T09:42:05Z,Douglas,Thompson,doug.thompson@solution.engineer,https://douglasthompson.solutions,@doug_solution_eng,douglas.thompson.solutions,@dougsolutioneng,"Solution engineer designing technical architectures and supporting enterprise client implementations. Model aircraft building enthusiast and RC flight instructor."
91,2023-08-15T15:18:34Z,Catherine,White,catherine.white@brand.strategist,https://catherinewhite.brand,@cath_brand_strategist,catherine.white.brand,@cathbrandstrat,"Brand strategist developing market positioning and competitive differentiation strategies for technology companies. Wine appreciation course instructor and vineyard tour guide."
92,2023-08-18T11:45:59Z,George,Martin,george.martin@backend.lead,https://georgemartin.backend,@george_backend_lead,george.martin.backend,@georgebackendlead,"Backend team lead architecting distributed systems and mentoring junior developers on best practices. Jazz music historian and vintage vinyl record collector."
93,2023-08-20T08:11:26Z,Ruth,Davis,ruth.davis.consultant@protonmail.com,https://ruthdavis.consulting,@ruth_business_consultant,ruth.davis.consulting,@ruthbizconsultant,"Business consultant helping organizations optimize operations and implement digital transformation initiatives. Community theater director and acting workshop facilitator."
94,2023-08-22T14:37:43Z,Edward,Wilson,edward.wilson@mobile.lead,https://edwardwilson.mobile,@ed_mobile_team_lead,edward.wilson.mobile,@edmobileteamlead,"Mobile development team lead overseeing cross-platform app development and mentoring engineering teams. Mountain hiking guide and outdoor survival skills instructor."
95,2023-08-25T10:03:17Z,Deborah,Anderson,deborah.anderson@growth.director,https://deborahanderson.growth,@deb_growth_director,deborah.anderson.growth,@debgrowthdirector,"Growth director developing user acquisition strategies and optimizing customer lifetime value metrics. Sustainable gardening educator and permaculture design consultant."
96,2023-08-27T16:29:52Z,Ronald,Taylor,ronald.taylor@security.analyst,https://ronaldtaylor.security,@ron_security_analyst,ronald.taylor.security,@ronsecurityanalyst,"Security analyst monitoring threats and implementing incident response procedures for enterprise networks. Amateur astronomy enthusiast and telescope equipment reviewer."
97,2023-08-29T12:56:08Z,Sharon,Brown,sharon.brown@content.director,https://sharonbrown.content,@sharon_content_dir,sharon.brown.content,@sharoncontentdir,"Content director developing editorial strategy and managing creative teams for multi-channel campaigns. Local history researcher and heritage preservation volunteer."
98,2023-09-01T09:21:35Z,Matthew,Jones,matthew.jones@product.designer,https://matthewjones.design,@matt_product_designer,matthew.jones.design,@mattproductdesign,"Product designer creating user-centered experiences and leading design thinking workshops for innovation teams. Urban sket"
